{
	"type": "object"
,	"subtab": {
        "id": "home",
        "title": "Home",
        "description": "Home",
        "group": "layout"
    }
,	"properties": {
		"home.carouselImages": {
			"group": "layout",
            "type": "array",
            "title": "Carousel images",
            "docRef": "bridgehead_4666978268",
            "description": "Carousel images Urls",
            "items": {
                "type": "string",
                "title": "Url"
            },
            "default": [
                "img/carousel-home-1.jpg"
            ,	"img/carousel-home-2.jpg"
            ,	"img/carousel-home-3.jpg"
            ]
		}
	,	"home.bottomBannerImages": {
			"group": "layout",
			"type": "array",
			"title": "Bottom banners images",
			"docRef": "bridgehead_4393296407",
			"description": "Bottom banners images Urls",
			"items": {
				"type": "string",
				"title": "Url"
			},
			"default": [
				"img/banner-bottom-home-1.jpg"
			,	"img/banner-bottom-home-2.jpg"
			,	"img/banner-bottom-home-3.jpg"
			]
		}
	}
}
