{
	"type": "object",

    "subtab": {
        "id": "facetDelimiters",
        "group": "catalog",
        "title": "Facets Delimiters",
        "docRef": "bridgehead_4667037342",
        "description": "Facets SEO Limits.  Limits for the SEO generated links in the facets browser. Once the limits are hitted the url is replaced with # in the links"
    },

    "properties": {
        "facetDelimiters.betweenFacetNameAndValue": {
            "type": "string",
            "group": "catalog",
            "subtab": "facetDelimiters",
            "title": "Between facet name and value",
            "description": "Add a character to appear in the URL between the facet name and value.",
            "type": "string",
            "default": "/"
        },
        "facetDelimiters.betweenDifferentFacets": {
            "type": "string",
            "group": "catalog",
            "subtab": "facetDelimiters",
            "title": "Between different facets",
            "description": "Add a character to appear in the URL between the different facets.",
            "type": "string",
            "default": "/"
        },
        "facetDelimiters.betweenDifferentFacetsValues": {
            "type": "string",
            "group": "catalog",
            "subtab": "facetDelimiters",
            "title": "Between different facets values",
            "description": "Add a character to appear in the URL between the different facet values.",
            "type": "string",
            "default": ","
        },
        "facetDelimiters.betweenRangeFacetsValues": {
            "type": "string",
            "group": "catalog",
            "subtab": "facetDelimiters",
            "title": "Between range facets values",
            "description": "Add a character to appear in the URL and delimit facet ranges.",
            "type": "string",
            "default": "to"
        },
        "facetDelimiters.betweenFacetsAndOptions": {
            "type": "string",
            "group": "catalog",
            "subtab": "facetDelimiters",
            "title": "Between facets and options",
            "description": "Add a character to appear in the URL between the different facet and its options.",
            "type": "string",
            "default": "?"
        },
        "facetDelimiters.betweenOptionNameAndValue": {
            "type": "string",
            "group": "catalog",
            "subtab": "facetDelimiters",
            "title": "Between option name and value",
            "description": "Add a character to appear in the URL between the option name and its value.",
            "type": "string",
            "default": "="
        },
        "facetDelimiters.betweenDifferentOptions": {
            "type": "string",
            "group": "catalog",
            "subtab": "facetDelimiters",
            "title": "Between different options",
            "description": "Add a character to appear in the URL between two options.",
            "type": "string",
            "default": "&"
        }
    }


}
