{
	"type": "object",
    "subtab": {
        "id": "universalanalytics",
        "title": "Google Universal Analytics",
        "docRef": "bridgehead_4667032443",
        "description": "Google Universal Analytics",
        "group": "integrations"
    }
,	"properties": {
		"tracking.googleUniversalAnalytics.propertyID": {
			"group": "integrations"
		,	"subtab": "universalanalytics"
		,	"type": "string"
		,	"title": "Google Universal Analytics ID"
		,	"description": "Enter the Google Universal Analytics Tracking ID. SuiteCommerce Advanced inserts this property into each page of the application. To locate the tracking ID, login to your Google Analytics account and go to Admin > Property > Property Settings."
		,	"default": ""
		}
	,	"tracking.googleUniversalAnalytics.domainName": {
			"group": "integrations"
		,	"subtab": "universalanalytics"
		,	"type": "string"
		,	"title": "Google Universal Analytics domain"
		,	"description": "Enter the domain used for Google Universal Analytics. The value you enter depends on which application you want to use Google Universal Analytics"
		,	"default": ""
		}
	,	"tracking.googleUniversalAnalytics.domainNameSecure": {
			"group": "integrations"
		,	"subtab": "universalanalytics"
		,	"type": "string"
		,	"title": "Google Universal Analytics secure domain"
		,	"description": "Enter the secure domain used for Google Universal Analytics. Possible values are the same as the Universal Analytics Domain property."
		,	"default": ""
		}
	}
}
