{
	"type": "object",
    "subtab": {
        "id": "header",
        "title": "Header",
        "description": "Header related settings",
        "docRef": "bridgehead_4393268747",
        "group": "layout"
    }
,	"properties": {
		"header.notShowCurrencySelector": {
			"group": "layout",
			"subtab": "header"
		,	"type": "boolean"
		,	"title": "Hide Currency Selector"
		,	"description": "Check this box to hide the currency selector in the application."
		,	"default": false
		}
	,	"header.logoUrl": {
			"group": "layout",
			"subtab": "header"
		,	"type": "string"
		,	"title": "Logo URL"
		,	"description": "Enter the URL location of the logo image file that is displayed at the top of the application."
		,	"default": "img/SCA_Logo.png"
		}
	}
}
